catalogue,site,publisher,licence,status
opendata.leisurecloud.live,https://activehartlepool.gs-signature.cloud/OpenActive/,Active Hartlepool,https://creativecommons.org/licenses/by/4.0/,COMPLETE
opendata.leisurecloud.live,https://activeleeds-oa.leisurecloud.net/OpenActive/,Active Leeds,https://creativecommons.org/licenses/by/4.0/,COMPLETE
opendata.leisurecloud.live,https://bccleisure.gs-signature.cloud/OpenActive/,Birmingham City Council,https://creativecommons.org/licenses/by/4.0/,COMPLETE
opendata.leisurecloud.live,https://bewellwigan.gs-signature.cloud/OpenActive/,Wigan Leisure and Culture Trust,https://creativecommons.org/licenses/by/4.0/,COMPLETE
opendata.leisurecloud.live,https://brimhamsactive.gs-signature.cloud/OpenActive/,Brimhams Active,https://creativecommons.org/licenses/by/4.0/,COMPLETE
opendata.leisurecloud.live,https://castlepoint.gs-signature.cloud/OpenActive/,Castlepoint,https://creativecommons.org/licenses/by/4.0/,COMPLETE
opendata.leisurecloud.live,https://chelmsfordcitysports.gs-signature.cloud/OpenActive/,Chelmsford City Sports,https://creativecommons.org/licenses/by/4.0/,COMPLETE
opendata.leisurecloud.live,https://chelmsfordcitysports.leisurecloud.net/OpenActive/,Chelmsford City Sports,https://creativecommons.org/licenses/by/4.0/,COMPLETE
opendata.leisurecloud.live,https://connect.pembrokeshire.gov.uk/OpenActive/,Pembrokeshire Leisure,https://creativecommons.org/licenses/by/4.0/,COMPLETE
opendata.leisurecloud.live,https://conwy.gs-signature.cloud/OpenActive/,Conwy,https://creativecommons.org/licenses/by/4.0/,COMPLETE
opendata.leisurecloud.live,https://data.everyoneactive.com/OpenActive/,Everyone Active,https://creativecommons.org/licenses/by/4.0/,COMPLETE
opendata.leisurecloud.live,https://lamptonleisure.gs-signature.cloud/OpenActive/,Lampton Leisure,https://creativecommons.org/licenses/by/4.0/,COMPLETE
opendata.leisurecloud.live,https://ledleisure.gs-signature.cloud/OpenActive/,LED Community Leisure Ltd,https://creativecommons.org/licenses/by/4.0/,COMPLETE
opendata.leisurecloud.live,https://leisuresk.leisurecloud.net/OpenActive/,Leisure SK,https://creativecommons.org/licenses/by/4.0/,COMPLETE
opendata.leisurecloud.live,https://leisureworldmembership.leisurecloud.net/OpenActive/,Colchester Leisure World,https://creativecommons.org/licenses/by/4.0/,COMPLETE
opendata.leisurecloud.live,https://lleisure.gs-signature.cloud/OpenActive/,Liberty Leisure,https://creativecommons.org/licenses/by/4.0/,COMPLETE
opendata.leisurecloud.live,https://ocll.gs-signature.cloud/OpenActive/,Oldham Community Leisure,https://creativecommons.org/licenses/by/4.0/,COMPLETE
opendata.leisurecloud.live,https://oneleisure.gs-signature.cloud/OpenActive/,Huntingdonshire District Council,https://creativecommons.org/licenses/by/4.0/,COMPLETE
opendata.leisurecloud.live,https://oxforduniversity.leisurecloud.net/OpenActive/,Oxford University,https://creativecommons.org/licenses/by/4.0/,COMPLETE
opendata.leisurecloud.live,https://placesleisure.gs-signature.cloud/OpenActive/,Places Leisure,https://creativecommons.org/licenses/by/4.0/,COMPLETE
opendata.leisurecloud.live,https://plymouthcouncil.gs-signature.cloud/OpenActive/,Plymouth Active,https://creativecommons.org/licenses/by/4.0/,COMPLETE
opendata.leisurecloud.live,https://riversfitness.gs-signature.cloud/OpenActive/,Rivers Fitness,https://creativecommons.org/licenses/by/4.0/,COMPLETE
opendata.leisurecloud.live,https://rslonline.leisurecloud.net/OpenActive/,Redbridge Sports Centre,https://creativecommons.org/licenses/by/4.0/,COMPLETE
opendata.leisurecloud.live,https://southwarkcouncil-oa.leisurecloud.net/OpenActive/,Southwark Council,https://creativecommons.org/licenses/by/4.0/,COMPLETE
opendata.leisurecloud.live,https://tma.gs-signature.cloud/OpenActive/,Tonbridge and Malling Leisure Trust,https://creativecommons.org/licenses/by/4.0/,COMPLETE
opendata.leisurecloud.live,https://towerhamletscouncil.gs-signature.cloud/OpenActive/,Be Well - London Borough of Tower Hamlets,https://creativecommons.org/licenses/by/4.0/,COMPLETE
opendata.leisurecloud.live,https://traffordleisure.leisurecloud.net/OpenActive/,Trafford Community Leisure Trust,https://creativecommons.org/licenses/by/4.0/,COMPLETE
opendata.leisurecloud.live,https://visionredbridge.gs-signature.cloud/OpenActive/,Vision Redbridge,https://creativecommons.org/licenses/by/4.0/,COMPLETE
opendata.leisurecloud.live,https://wellingtonclub.gs-signature.cloud/OpenActive/,Wellington College,https://creativecommons.org/licenses/by/4.0/,COMPLETE
opendata.leisurecloud.live,https://wvactive.leisurecloud.net/OpenActive/,WV Active,https://creativecommons.org/licenses/by/4.0/,COMPLETE
opendata.leisurecloud.live,https://yourleisure.gs-signature.cloud/OpenActive/,Your Leisure,https://creativecommons.org/licenses/by/4.0/,COMPLETE
openactivedatacatalog.legendonlineservices.co.uk,https://halo-openactive.legendonlineservices.co.uk/OpenActive,,,ERROR_HTTP_403
openactivedatacatalog.legendonlineservices.co.uk,https://blackburnwithdarwen-openactive.legendonlineservices.co.uk/OpenActive,,,ERROR_HTTP_403
openactivedatacatalog.legendonlineservices.co.uk,https://lifeleisure-openactive.legendonlineservices.co.uk/OpenActive,,https://creativecommons.org/licenses/by/4.0/,COMPLETE
openactivedatacatalog.legendonlineservices.co.uk,https://gll-openactive.legendonlineservices.co.uk/OpenActive,,https://creativecommons.org/licenses/by/4.0/,COMPLETE
openactivedatacatalog.legendonlineservices.co.uk,https://serco-openactive.legendonlineservices.co.uk/OpenActive,Serco Leisure,https://creativecommons.org/licenses/by/4.0/,COMPLETE
openactivedatacatalog.legendonlineservices.co.uk,https://pentest-openactive.legendonlineservices.co.uk/OpenActive,,,ERROR_HTTP_403
openactivedatacatalog.legendonlineservices.co.uk,https://tameside-openactive.legendonlineservices.co.uk/OpenActive,Active Tameside,https://creativecommons.org/licenses/by/4.0/,COMPLETE
openactivedatacatalog.legendonlineservices.co.uk,https://lancaster-openactive.legendonlineservices.co.uk/OpenActive,,https://creativecommons.org/licenses/by/4.0/,COMPLETE
openactivedatacatalog.legendonlineservices.co.uk,https://jubileehall-openactive.legendonlineservices.co.uk/OpenActive,,https://creativecommons.org/licenses/by/4.0/,COMPLETE
openactivedatacatalog.legendonlineservices.co.uk,https://leisurecentre-openactive.legendonlineservices.co.uk/OpenActive,"Parkwood Leisure Ltd, its subsidiaries and partner organisations",https://creativecommons.org/licenses/by/4.0/,COMPLETE
openactivedatacatalog.legendonlineservices.co.uk,https://lincsinspire-openactive.legendonlineservices.co.uk/OpenActive,,https://creativecommons.org/licenses/by/4.0/,COMPLETE
openactivedatacatalog.legendonlineservices.co.uk,https://sllandinspireall-openactive.legendonlineservices.co.uk/OpenActive,SLL and InspireAll,https://creativecommons.org/licenses/by/4.0/,COMPLETE
openactivedatacatalog.legendonlineservices.co.uk,https://angusalive-openactive.legendonlineservices.co.uk/OpenActive,ANGUSalive,https://creativecommons.org/licenses/by/4.0/,COMPLETE
openactivedatacatalog.legendonlineservices.co.uk,https://derbyactive-openactive.legendonlineservices.co.uk/OpenActive,Derby Active,https://creativecommons.org/licenses/by/4.0/,COMPLETE
openactivedatacatalog.legendonlineservices.co.uk,https://lsbuactive-openactive.legendonlineservices.co.uk/OpenActive,,,ERROR_HTTP_403
openactivedatacatalog.legendonlineservices.co.uk,https://loughboroughuniversity-openactive.legendonlineservices.co.uk/OpenActive,Loughborough University,https://creativecommons.org/licenses/by/4.0/,COMPLETE
openactivedatacatalog.legendonlineservices.co.uk,https://hcandl-openactive.legendonlineservices.co.uk/OpenActive,,https://creativecommons.org/licenses/by/4.0/,COMPLETE
openactivedatacatalog.legendonlineservices.co.uk,https://activenottingham-openactive.legendonlineservices.co.uk/OpenActive,,https://creativecommons.org/licenses/by/4.0/,COMPLETE
openactivedatacatalog.legendonlineservices.co.uk,https://tendringcouncil-openactive.legendonlineservices.co.uk/OpenActive,Tendring Leisure,https://creativecommons.org/licenses/by/4.0/,COMPLETE
openactivedatacatalog.legendonlineservices.co.uk,https://aliveleisure-openactive.legendonlineservices.co.uk/OpenActive,,https://creativecommons.org/licenses/by/4.0/,COMPLETE
openactivedatacatalog.legendonlineservices.co.uk,https://salfordcommunityleisure-openactive.legendonlineservices.co.uk/OpenActive,,https://creativecommons.org/licenses/by/4.0/,COMPLETE
openactivedatacatalog.legendonlineservices.co.uk,https://leisurefocus-openactive.legendonlineservices.co.uk/OpenActive,,,ERROR_HTTP_403
openactivedatacatalog.legendonlineservices.co.uk,https://bridportleisure-openactive.legendonlineservices.co.uk/OpenActive,,https://creativecommons.org/licenses/by/4.0/,COMPLETE
openactivedatacatalog.legendonlineservices.co.uk,https://horizonlc-openactive.legendonlineservices.co.uk/OpenActive,,https://creativecommons.org/licenses/by/4.0/,COMPLETE
openactivedatacatalog.legendonlineservices.co.uk,https://barrowcouncil-openactive.legendonlineservices.co.uk/OpenActive,Barrow Park Leisure Centre,https://creativecommons.org/licenses/by/4.0/,COMPLETE
openactivedatacatalog.legendonlineservices.co.uk,https://boltonarena-openactive.legendonlineservices.co.uk/OpenActive,,https://creativecommons.org/licenses/by/4.0/,COMPLETE
openactivedatacatalog.legendonlineservices.co.uk,https://activeluton-openactive.legendonlineservices.co.uk/OpenActive,Active Luton,https://creativecommons.org/licenses/by/4.0/,COMPLETE
openactivedatacatalog.legendonlineservices.co.uk,https://strouddistrictcouncil-openactive.legendonlineservices.co.uk/OpenActive,,https://creativecommons.org/licenses/by/4.0/,COMPLETE
openactivedatacatalog.legendonlineservices.co.uk,https://universityofbristol-openactive.legendonlineservices.co.uk/OpenActive,University of Bristol,https://creativecommons.org/licenses/by/4.0/,COMPLETE
openactivedatacatalog.legendonlineservices.co.uk,https://horizon-openactive.legendonlineservices.co.uk/OpenActive,,https://creativecommons.org/licenses/by/4.0/,COMPLETE
openactivedatacatalog.legendonlineservices.co.uk,https://celticleisure-openactive.legendonlineservices.co.uk/OpenActive,,https://creativecommons.org/licenses/by/4.0/,COMPLETE
openactive.io,http://data.better.org.uk/,GLL,https://creativecommons.org/licenses/by/4.0/,COMPLETE
openactive.io,https://better-admin.org.uk/api/openactive/better,Better,https://creativecommons.org/licenses/by/4.0/,COMPLETE
openactive.io,https://data.bookwhen.com/,Bookwhen,https://creativecommons.org/licenses/by/4.0/,COMPLETE
openactive.io,http://data.letsride.co.uk/,British Cycling,https://creativecommons.org/licenses/by/4.0/,COMPLETE
openactive.io,http://data.britishorienteering.org.uk/,British Orienteering,https://creativecommons.org/licenses/by/4.0/,COMPLETE
openactive.io,http://data.britishtriathlon.org/,British Triathlon,https://creativecommons.org/licenses/by/4.0/,COMPLETE
openactive.io,https://data.englandnetball.co.uk/,England Netball,https://creativecommons.org/licenses/by/4.0/,COMPLETE
openactive.io,http://data.gomammoth.co.uk/,GO Mammoth,https://creativecommons.org/licenses/by/4.0/,COMPLETE
openactive.io,https://lawntennisassociation.github.io/,Lawn Tennis Association,https://creativecommons.org/licenses/by/4.0/,COMPLETE
openactive.io,https://www.goodgym.org/api/openactive/,Good Gym,https://creativecommons.org/licenses/by/4.0/,COMPLETE
openactive.io,https://openactive.opensessions.io/,Open Sessions,https://creativecommons.org/licenses/by/4.0/,COMPLETE
openactive.io,https://ourparks.org.uk/openactive,Our Parks,https://creativecommons.org/licenses/by/4.0/,COMPLETE
openactive.io,https://playwaze.com/opendata/openactive,Playwaze,https://creativecommons.org/licenses/by/4.0/,COMPLETE
openactive.io,https://data.runtogether.co.uk/,,,ERROR_NO_JSONLD
openactive.io,https://sportstarta.github.io/,SportStarta.com,https://creativecommons.org/licenses/by/4.0/,COMPLETE
openactive.io,https://openactive.upshot.org.uk/,Upshot,https://creativecommons.org/licenses/by/4.0/,COMPLETE
openactive.io,https://opendata.exercise-anywhere.com/,Exercise Anywhere,https://creativecommons.org/licenses/by/4.0/,COMPLETE
openactive.io,https://www.sportsuite.co.uk/odapikey/datasite,SportSuite,https://creativecommons.org/licenses/by/4.0/,COMPLETE
openactive.io,https://goteamup.com/api/openactive/v1/,TeamUp,https://creativecommons.org/licenses/by/4.0/,COMPLETE
openactive.io,https://openactive.played.co/openactive/,Played,https://creativecommons.org/licenses/by/4.0/,COMPLETE
openactive.io,https://api.premiertennis.co.uk/openactive,Courtside Hubs CIC,https://creativecommons.org/licenses/by/4.0/,COMPLETE
openactive.io,https://partners.playfootball.net/OpenActive/,PlayFootball,https://creativecommons.org/licenses/by/4.0/,COMPLETE
openactive.io,https://api.findmyfacility.com/v1/openactive,Find My Facility,https://creativecommons.org/licenses/by/4.0/,COMPLETE
app.bookteq.com,https://actihire.bookteq.com/api/open-active,Actihire,https://creativecommons.org/licenses/by/4.0/,COMPLETE
app.bookteq.com,https://ajnstadium.bookteq.com/api/open-active,Brea Avalon LLP,https://creativecommons.org/licenses/by/4.0/,COMPLETE
app.bookteq.com,https://ajsports.bookteq.com/api/open-active,Playfinder,https://creativecommons.org/licenses/by/4.0/,COMPLETE
app.bookteq.com,https://anemoslimited.bookteq.com/api/open-active,,,ERROR_HTTP_404
app.bookteq.com,https://appleby.bookteq.com/api/open-active,Appleby Frodingham Sports Club,https://creativecommons.org/licenses/by/4.0/,COMPLETE
app.bookteq.com,https://ashmoletrust.bookteq.com/api/open-active,Ashmole Trust,https://creativecommons.org/licenses/by/4.0/,COMPLETE
app.bookteq.com,https://awesomecic.bookteq.com/api/open-active,Awesome CIC,https://creativecommons.org/licenses/by/4.0/,COMPLETE
app.bookteq.com,https://bangorcitystadium.bookteq.com/api/open-active,Bangor City Stadium,https://creativecommons.org/licenses/by/4.0/,COMPLETE
app.bookteq.com,https://basingstokewellbeing.bookteq.com/api/open-active,Basingstoke Wellbeing,https://creativecommons.org/licenses/by/4.0/,COMPLETE
app.bookteq.com,https://beaconsfieldtownfc.bookteq.com/api/open-active,,,ERROR_HTTP_404
app.bookteq.com,https://bedfordtownfootballclub.bookteq.com/api/open-active,Bedford Town Football Club,https://creativecommons.org/licenses/by/4.0/,COMPLETE
app.bookteq.com,https://bishopchallonersportscentre.bookteq.com/api/open-active,Bishop Challoner Sports Centre,https://creativecommons.org/licenses/by/4.0/,COMPLETE
app.bookteq.com,https://blueflamessportingclublimited.bookteq.com/api/open-active,Blue Flames Sporting Club Limited,https://creativecommons.org/licenses/by/4.0/,COMPLETE
app.bookteq.com,https://bolderacademy.bookteq.com/api/open-active,Bolder Academy,https://creativecommons.org/licenses/by/4.0/,COMPLETE
app.bookteq.com,https://broughtontowncouncil.bookteq.com/api/open-active,Broughton Town Council ,https://creativecommons.org/licenses/by/4.0/,COMPLETE
app.bookteq.com,https://bryntegschool.bookteq.com/api/open-active,Brynteg School,https://creativecommons.org/licenses/by/4.0/,COMPLETE
app.bookteq.com,https://chauncyschool.bookteq.com/api/open-active,Chauncy School,https://creativecommons.org/licenses/by/4.0/,COMPLETE
app.bookteq.com,https://coramsfields.bookteq.com/api/open-active,Coram's Fields,https://creativecommons.org/licenses/by/4.0/,COMPLETE
app.bookteq.com,https://coramsfieldsindoorspaces.bookteq.com/api/open-active,Coram's Fields,https://creativecommons.org/licenses/by/4.0/,COMPLETE
app.bookteq.com,https://danburyparishcouncil.bookteq.com/api/open-active,Danbury Parish Council,https://creativecommons.org/licenses/by/4.0/,COMPLETE
app.bookteq.com,https://debdaleparksports.bookteq.com/api/open-active,Debdale Park Sports & Recreation Club,https://creativecommons.org/licenses/by/4.0/,COMPLETE
app.bookteq.com,https://didcottowncouncil.bookteq.com/api/open-active,Didcot Town Council,https://creativecommons.org/licenses/by/4.0/,COMPLETE
app.bookteq.com,https://ealingboroughcouncil.bookteq.com/api/open-active,London Borough of Ealing Council,https://creativecommons.org/licenses/by/4.0/,COMPLETE
app.bookteq.com,https://earlsdon.bookteq.com/api/open-active,Earlsdon Rugby Club,https://creativecommons.org/licenses/by/4.0/,COMPLETE
app.bookteq.com,https://eastmidlandsacademytrust.bookteq.com/api/open-active,East Midlands Academy Trust,https://creativecommons.org/licenses/by/4.0/,COMPLETE
app.bookteq.com,https://eireoggaa.bookteq.com/api/open-active,Eire Og GAA,https://creativecommons.org/licenses/by/4.0/,COMPLETE
app.bookteq.com,https://elgarparkregionalhockeyassociation.bookteq.com/api/open-active,Elgar Park Regional Hockey Association,https://creativecommons.org/licenses/by/4.0/,COMPLETE
app.bookteq.com,https://enfielddrillhallsportsclub.bookteq.com/api/open-active,Enfield Drill Hall Sports Club,https://creativecommons.org/licenses/by/4.0/,COMPLETE
app.bookteq.com,https://featherstonesportscentre.bookteq.com/api/open-active,Featherstone Sports Centre Trust,https://creativecommons.org/licenses/by/4.0/,COMPLETE
app.bookteq.com,https://fleetcc.bookteq.com/api/open-active,Mark Allen,https://creativecommons.org/licenses/by/4.0/,COMPLETE
app.bookteq.com,https://football567.bookteq.com/api/open-active,Football 567,https://creativecommons.org/licenses/by/4.0/,COMPLETE
app.bookteq.com,https://footballsamuraiacademylimited.bookteq.com/api/open-active,Football Samurai Academy Limited ,https://creativecommons.org/licenses/by/4.0/,COMPLETE
app.bookteq.com,https://fz2024ltd.bookteq.com/api/open-active,FZ 2024 Ltd,https://creativecommons.org/licenses/by/4.0/,COMPLETE
app.bookteq.com,https://gmcommunitylettings.bookteq.com/api/open-active,gmcommunitylettings,https://creativecommons.org/licenses/by/4.0/,COMPLETE
app.bookteq.com,https://graveshamlegendsports.bookteq.com/api/open-active,Gravesham Legend Sports Ltd,https://creativecommons.org/licenses/by/4.0/,COMPLETE
app.bookteq.com,https://harbornecricketclub.bookteq.com/api/open-active,Harborne Cricket Club,https://creativecommons.org/licenses/by/4.0/,COMPLETE
app.bookteq.com,https://haringeycouncil.bookteq.com/api/open-active,Haringey Council,https://creativecommons.org/licenses/by/4.0/,COMPLETE
app.bookteq.com,https://harpurhillsportscentrecic.bookteq.com/api/open-active,Harpur Hill Sports Centre CIC,https://creativecommons.org/licenses/by/4.0/,COMPLETE
app.bookteq.com,https://hillviewprimaryschool.bookteq.com/api/open-active,,,ERROR_HTTP_404
app.bookteq.com,https://hythecsc.bookteq.com/api/open-active,Hythe Cricket & Squash Club,https://creativecommons.org/licenses/by/4.0/,COMPLETE
app.bookteq.com,https://idverdecharnwood.bookteq.com/api/open-active,ID Verde Charnwood,https://creativecommons.org/licenses/by/4.0/,COMPLETE
app.bookteq.com,https://jmosportslimited.bookteq.com/api/open-active,JMO Sports Limited,https://creativecommons.org/licenses/by/4.0/,COMPLETE
app.bookteq.com,https://kingswayparkhighschool.bookteq.com/api/open-active,Kingsway Park High School,https://creativecommons.org/licenses/by/4.0/,COMPLETE
app.bookteq.com,https://langleygrange.bookteq.com/api/open-active,Langley Grange Pool,https://creativecommons.org/licenses/by/4.0/,COMPLETE
app.bookteq.com,https://larkhallsportsclub.bookteq.com/api/open-active,Larkhall Sports Club,https://creativecommons.org/licenses/by/4.0/,COMPLETE
app.bookteq.com,https://lifestylefitness.bookteq.com/api/open-active,Matthew Arnold Sports Centre,https://creativecommons.org/licenses/by/4.0/,COMPLETE
app.bookteq.com,https://lrso.bookteq.com/api/open-active,LRSO,https://creativecommons.org/licenses/by/4.0/,COMPLETE
app.bookteq.com,https://manchestercommunicationacademy.bookteq.com/api/open-active,Manchester Communication Academy,https://creativecommons.org/licenses/by/4.0/,COMPLETE
app.bookteq.com,https://marchtownfcestovercic.bookteq.com/api/open-active,March was Town FC Estover CIC,https://creativecommons.org/licenses/by/4.0/,COMPLETE
app.bookteq.com,https://marstonmoretaine.bookteq.com/api/open-active,Marston Moretaine Playing Fields,https://creativecommons.org/licenses/by/4.0/,COMPLETE
app.bookteq.com,https://nxtlevelsportandeducation.bookteq.com/api/open-active,NXT Level Sport & Education Ltd,https://creativecommons.org/licenses/by/4.0/,COMPLETE
app.bookteq.com,https://oldnorthamptonians.bookteq.com/api/open-active,Old Northamptonians Association,https://creativecommons.org/licenses/by/4.0/,COMPLETE
app.bookteq.com,https://oldwhitgiftianscc.bookteq.com/api/open-active,,,ERROR_HTTP_404
app.bookteq.com,https://orchardlearningalliance.bookteq.com/api/open-active,Orchard Learning Alliance,https://creativecommons.org/licenses/by/4.0/,COMPLETE
app.bookteq.com,https://pomphreyhill.bookteq.com/api/open-active,Pomphrey Hill Community Sports Association,https://creativecommons.org/licenses/by/4.0/,COMPLETE
app.bookteq.com,https://precisionfootballarena.bookteq.com/api/open-active,Precision Football Arena,https://creativecommons.org/licenses/by/4.0/,COMPLETE
app.bookteq.com,https://preessportsclub.bookteq.com/api/open-active,Prees Sports and Social Club,https://creativecommons.org/licenses/by/4.0/,COMPLETE
app.bookteq.com,https://princesparkyouthfc.bookteq.com/api/open-active,Princes Park Youth Football Club,https://creativecommons.org/licenses/by/4.0/,COMPLETE
app.bookteq.com,https://prioryfederation.bookteq.com/api/open-active,Priory Federation of Academies,https://creativecommons.org/licenses/by/4.0/,COMPLETE
app.bookteq.com,https://qhmemorialsportsground.bookteq.com/api/open-active,QH Memorial Sports Ground - River Pitches,https://creativecommons.org/licenses/by/4.0/,COMPLETE
app.bookteq.com,https://readingrugbyclub.bookteq.com/api/open-active,Reading Rugby Club,https://creativecommons.org/licenses/by/4.0/,COMPLETE
app.bookteq.com,https://risecommunitycic.bookteq.com/api/open-active,The Hub - Rise Community,https://creativecommons.org/licenses/by/4.0/,COMPLETE
app.bookteq.com,https://schoolenterprises.bookteq.com/api/open-active,School Enterprises Ltd,https://creativecommons.org/licenses/by/4.0/,COMPLETE
app.bookteq.com,https://shikogroupltd.bookteq.com/api/open-active,Courts Club,https://creativecommons.org/licenses/by/4.0/,COMPLETE
app.bookteq.com,https://shirleyhighschool.bookteq.com/api/open-active,Shirley High School,https://creativecommons.org/licenses/by/4.0/,COMPLETE
app.bookteq.com,https://southwarkcouncil.bookteq.com/api/open-active,Southwark Council,https://creativecommons.org/licenses/by/4.0/,COMPLETE
app.bookteq.com,https://spaldingunitedfootballclub.bookteq.com/api/open-active,Spalding United Football Club,https://creativecommons.org/licenses/by/4.0/,COMPLETE
app.bookteq.com,https://sportsiq.bookteq.com/api/open-active,Sports IQ LTD,https://creativecommons.org/licenses/by/4.0/,COMPLETE
app.bookteq.com,https://stanleyprimaryschool.bookteq.com/api/open-active,Stanley Primary School,https://creativecommons.org/licenses/by/4.0/,COMPLETE
app.bookteq.com,https://stcuthbertmayneschool.bookteq.com/api/open-active,St Cuthbert Mayne School,https://creativecommons.org/licenses/by/4.0/,COMPLETE
app.bookteq.com,https://stgeorgesschool.bookteq.com/api/open-active,"St George's School, Harpenden",https://creativecommons.org/licenses/by/4.0/,COMPLETE
app.bookteq.com,https://stoweenterprisesltd.bookteq.com/api/open-active,Stowe Enterprises Ltd,https://creativecommons.org/licenses/by/4.0/,COMPLETE
app.bookteq.com,https://strikersindoorsports.bookteq.com/api/open-active,Strikers Indoor Football,https://creativecommons.org/licenses/by/4.0/,COMPLETE
app.bookteq.com,https://sunburycricketclub.bookteq.com/api/open-active,Sunbury Cricket Club,https://creativecommons.org/licenses/by/4.0/,COMPLETE
app.bookteq.com,https://theblackprincetrust.bookteq.com/api/open-active,The Black Prince Trust ,https://creativecommons.org/licenses/by/4.0/,COMPLETE
app.bookteq.com,https://thedownsidesettlement.bookteq.com/api/open-active,The Downside Settlement,https://creativecommons.org/licenses/by/4.0/,COMPLETE
app.bookteq.com,https://thesportswarehouseltd.bookteq.com/api/open-active,The Sports Warehouse (Flint) LTD,https://creativecommons.org/licenses/by/4.0/,COMPLETE
app.bookteq.com,https://thewoodroffeschool.bookteq.com/api/open-active,The Woodroffe School,https://creativecommons.org/licenses/by/4.0/,COMPLETE
app.bookteq.com,https://topcic.bookteq.com/api/open-active,100% TO THE TOP CIC,https://creativecommons.org/licenses/by/4.0/,COMPLETE
app.bookteq.com,https://walthamforestcouncil.bookteq.com/api/open-active,Waltham Forest Council,https://creativecommons.org/licenses/by/4.0/,COMPLETE
app.bookteq.com,https://waspsfootballclub.bookteq.com/api/open-active,Wasps FC - Rugby in West London,https://creativecommons.org/licenses/by/4.0/,COMPLETE
app.bookteq.com,https://waterliliesswimmingschool.bookteq.com/api/open-active,Water Lilies Swimming School Ltd,https://creativecommons.org/licenses/by/4.0/,COMPLETE
app.bookteq.com,https://wellscathedral.bookteq.com/api/open-active,Wells Cathedral School,https://creativecommons.org/licenses/by/4.0/,COMPLETE
app.bookteq.com,https://westheathprimaryschool.bookteq.com/api/open-active,West Heath Primary School,https://creativecommons.org/licenses/by/4.0/,COMPLETE
app.bookteq.com,https://woolmerhillsportspark.bookteq.com/api/open-active,Woolmer Hill Sports Association,https://creativecommons.org/licenses/by/4.0/,COMPLETE
app.bookteq.com,https://wycliffecollege.bookteq.com/api/open-active,Wycliffe College,https://creativecommons.org/licenses/by/4.0/,COMPLETE
app.bookteq.com,https://wymondhamtownunitedfc.bookteq.com/api/open-active,Wymondham Town United FC,https://creativecommons.org/licenses/by/4.0/,COMPLETE
app.bookteq.com,https://ymcahumber.bookteq.com/api/open-active,,,ERROR_HTTP_404
