publisher,child_id,parent_id,child_fields,parent_fields,inheritable,source_absent
Active_Hartlepool,https://activehartlepool.gs-signature.cloud/OpenActive/api/scheduled-sessions/30035397,https://activehartlepool.gs-signature.cloud/OpenActive/api/session-series/3M630CLHYD0225,beta:sportsActivityLocation|duration|endDate|identifier|maximumAttendeeCapacity|remainingAttendeeCapacity|startDate|superEvent,attendeeInstructions|category|duration|eventSchedule|identifier|location|name|offers|superEvent|url,name|category|offers|location|eventSchedule|url|attendeeInstructions,activity|organizer|description|ageRange|genderRestriction|level
Active_Hartlepool,https://activehartlepool.gs-signature.cloud/OpenActive/api/scheduled-sessions/50033720,https://activehartlepool.gs-signature.cloud/OpenActive/api/session-series/3H0645CLVIR0526,beta:sportsActivityLocation|duration|endDate|identifier|maximumAttendeeCapacity|remainingAttendeeCapacity|startDate|superEvent,attendeeInstructions|category|duration|eventSchedule|genderRestriction|identifier|location|name|offers|organizer|url,name|category|offers|organizer|location|eventSchedule|url|genderRestriction|attendeeInstructions,activity|description|ageRange|level
Active_Hartlepool,https://activehartlepool.gs-signature.cloud/OpenActive/api/scheduled-sessions/50026657,https://activehartlepool.gs-signature.cloud/OpenActive/api/session-series/3H0630CLGBS0526,beta:sportsActivityLocation|duration|endDate|identifier|maximumAttendeeCapacity|remainingAttendeeCapacity|startDate|superEvent,attendeeInstructions|category|duration|eventSchedule|genderRestriction|identifier|location|name|offers|organizer|url,name|category|offers|organizer|location|eventSchedule|url|genderRestriction|attendeeInstructions,activity|description|ageRange|level
Active_Hartlepool,https://activehartlepool.gs-signature.cloud/OpenActive/api/scheduled-sessions/50033647,https://activehartlepool.gs-signature.cloud/OpenActive/api/session-series/3H0645CLTRI0626,beta:sportsActivityLocation|duration|endDate|identifier|maximumAttendeeCapacity|remainingAttendeeCapacity|startDate|superEvent,attendeeInstructions|category|duration|eventSchedule|genderRestriction|identifier|location|name|offers|organizer|url,name|category|offers|organizer|location|eventSchedule|url|genderRestriction|attendeeInstructions,activity|description|ageRange|level
Active_Hartlepool,https://activehartlepool.gs-signature.cloud/OpenActive/api/scheduled-sessions/50056511,https://activehartlepool.gs-signature.cloud/OpenActive/api/session-series/3H0730CLIND0626,beta:sportsActivityLocation|duration|endDate|identifier|maximumAttendeeCapacity|remainingAttendeeCapacity|startDate|superEvent,attendeeInstructions|category|duration|eventSchedule|genderRestriction|identifier|location|name|offers|organizer|url,name|category|offers|organizer|location|eventSchedule|url|genderRestriction|attendeeInstructions,activity|description|ageRange|level
Active_Hartlepool,https://activehartlepool.gs-signature.cloud/OpenActive/api/scheduled-sessions/50050140,https://activehartlepool.gs-signature.cloud/OpenActive/api/session-series/3H0730CLVIR0526,beta:sportsActivityLocation|duration|endDate|identifier|maximumAttendeeCapacity|remainingAttendeeCapacity|startDate|superEvent,attendeeInstructions|category|duration|eventSchedule|genderRestriction|identifier|location|name|offers|organizer|url,name|category|offers|organizer|location|eventSchedule|url|genderRestriction|attendeeInstructions,activity|description|ageRange|level
Active_Hartlepool,https://activehartlepool.gs-signature.cloud/OpenActive/api/scheduled-sessions/50055302,https://activehartlepool.gs-signature.cloud/OpenActive/api/session-series/3H0900BSSPY0526,beta:sportsActivityLocation|duration|endDate|identifier|maximumAttendeeCapacity|remainingAttendeeCapacity|startDate|superEvent,attendeeInstructions|category|duration|eventSchedule|identifier|location|name|offers|superEvent|url,name|category|offers|location|eventSchedule|url|attendeeInstructions,activity|organizer|description|ageRange|genderRestriction|level
Active_Hartlepool,https://activehartlepool.gs-signature.cloud/OpenActive/api/scheduled-sessions/50055320,https://activehartlepool.gs-signature.cloud/OpenActive/api/session-series/3H0930BSSPY0626,beta:sportsActivityLocation|duration|endDate|identifier|maximumAttendeeCapacity|remainingAttendeeCapacity|startDate|superEvent,attendeeInstructions|category|duration|eventSchedule|identifier|location|name|offers|superEvent|url,name|category|offers|location|eventSchedule|url|attendeeInstructions,activity|organizer|description|ageRange|genderRestriction|level
Active_Hartlepool,https://activehartlepool.gs-signature.cloud/OpenActive/api/scheduled-sessions/50055568,https://activehartlepool.gs-signature.cloud/OpenActive/api/session-series/3H1000BSSPY0526,beta:sportsActivityLocation|duration|endDate|identifier|maximumAttendeeCapacity|remainingAttendeeCapacity|startDate|superEvent,attendeeInstructions|category|duration|eventSchedule|identifier|location|name|offers|superEvent|url,name|category|offers|location|eventSchedule|url|attendeeInstructions,activity|organizer|description|ageRange|genderRestriction|level
Active_Hartlepool,https://activehartlepool.gs-signature.cloud/OpenActive/api/scheduled-sessions/50055649,https://activehartlepool.gs-signature.cloud/OpenActive/api/session-series/3H1030BSSPY0626,beta:sportsActivityLocation|duration|endDate|identifier|maximumAttendeeCapacity|remainingAttendeeCapacity|startDate|superEvent,attendeeInstructions|category|duration|eventSchedule|identifier|location|name|offers|superEvent|url,name|category|offers|location|eventSchedule|url|attendeeInstructions,activity|organizer|description|ageRange|genderRestriction|level
Active_Hartlepool,https://activehartlepool.gs-signature.cloud/OpenActive/api/scheduled-sessions/40005054,https://activehartlepool.gs-signature.cloud/OpenActive/api/session-series/3S1200CLA0526,beta:sportsActivityLocation|duration|endDate|identifier|maximumAttendeeCapacity|remainingAttendeeCapacity|startDate|superEvent,attendeeInstructions|category|duration|eventSchedule|identifier|location|name|offers|superEvent|url,name|category|offers|location|eventSchedule|url|attendeeInstructions,activity|organizer|description|ageRange|genderRestriction|level
Active_Hartlepool,https://activehartlepool.gs-signature.cloud/OpenActive/api/scheduled-sessions/50050919,https://activehartlepool.gs-signature.cloud/OpenActive/api/session-series/3H1215CLVIR0526,beta:sportsActivityLocation|duration|endDate|identifier|maximumAttendeeCapacity|remainingAttendeeCapacity|startDate|superEvent,attendeeInstructions|category|duration|eventSchedule|genderRestriction|identifier|location|name|offers|organizer|url,name|category|offers|organizer|location|eventSchedule|url|genderRestriction|attendeeInstructions,activity|description|ageRange|level
Active_Hartlepool,https://activehartlepool.gs-signature.cloud/OpenActive/api/scheduled-sessions/50055658,https://activehartlepool.gs-signature.cloud/OpenActive/api/session-series/3H1130BSSPY0626,beta:sportsActivityLocation|duration|endDate|identifier|maximumAttendeeCapacity|remainingAttendeeCapacity|startDate|superEvent,attendeeInstructions|category|duration|eventSchedule|identifier|location|name|offers|superEvent|url,name|category|offers|location|eventSchedule|url|attendeeInstructions,activity|organizer|description|ageRange|genderRestriction|level
Active_Hartlepool,https://activehartlepool.gs-signature.cloud/OpenActive/api/scheduled-sessions/50073339,https://activehartlepool.gs-signature.cloud/OpenActive/api/session-series/3H1200BSLSM0726,beta:sportsActivityLocation|duration|endDate|identifier|maximumAttendeeCapacity|remainingAttendeeCapacity|startDate|superEvent,attendeeInstructions|category|duration|eventSchedule|genderRestriction|identifier|location|name|offers|organizer|url,name|category|offers|organizer|location|eventSchedule|url|genderRestriction|attendeeInstructions,activity|description|ageRange|level
Active_Hartlepool,https://activehartlepool.gs-signature.cloud/OpenActive/api/scheduled-sessions/50055667,https://activehartlepool.gs-signature.cloud/OpenActive/api/session-series/3H1230BSSPY0626,beta:sportsActivityLocation|duration|endDate|identifier|maximumAttendeeCapacity|remainingAttendeeCapacity|startDate|superEvent,attendeeInstructions|category|duration|eventSchedule|identifier|location|name|offers|superEvent|url,name|category|offers|location|eventSchedule|url|attendeeInstructions,activity|organizer|description|ageRange|genderRestriction|level
Active_Hartlepool,https://activehartlepool.gs-signature.cloud/OpenActive/api/scheduled-sessions/50055595,https://activehartlepool.gs-signature.cloud/OpenActive/api/session-series/3H1300BSSPY0526,beta:sportsActivityLocation|duration|endDate|identifier|maximumAttendeeCapacity|remainingAttendeeCapacity|startDate|superEvent,attendeeInstructions|category|duration|eventSchedule|identifier|location|name|offers|superEvent|url,name|category|offers|location|eventSchedule|url|attendeeInstructions,activity|organizer|description|ageRange|genderRestriction|level
Active_Hartlepool,https://activehartlepool.gs-signature.cloud/OpenActive/api/scheduled-sessions/50055676,https://activehartlepool.gs-signature.cloud/OpenActive/api/session-series/3H1330BSSPY0626,beta:sportsActivityLocation|duration|endDate|identifier|maximumAttendeeCapacity|remainingAttendeeCapacity|startDate|superEvent,attendeeInstructions|category|duration|eventSchedule|identifier|location|name|offers|superEvent|url,name|category|offers|location|eventSchedule|url|attendeeInstructions,activity|organizer|description|ageRange|genderRestriction|level
Active_Hartlepool,https://activehartlepool.gs-signature.cloud/OpenActive/api/scheduled-sessions/50034016,https://activehartlepool.gs-signature.cloud/OpenActive/api/session-series/3H1400CLVCR0526,beta:sportsActivityLocation|duration|endDate|identifier|maximumAttendeeCapacity|remainingAttendeeCapacity|startDate|superEvent,attendeeInstructions|category|duration|eventSchedule|genderRestriction|identifier|location|name|offers|organizer|url,name|category|offers|organizer|location|eventSchedule|url|genderRestriction|attendeeInstructions,activity|description|ageRange|level
Active_Hartlepool,https://activehartlepool.gs-signature.cloud/OpenActive/api/scheduled-sessions/50033942,https://activehartlepool.gs-signature.cloud/OpenActive/api/session-series/3H1330CLVIR0626,beta:sportsActivityLocation|duration|endDate|identifier|maximumAttendeeCapacity|remainingAttendeeCapacity|startDate|superEvent,attendeeInstructions|category|duration|eventSchedule|genderRestriction|identifier|location|name|offers|organizer|url,name|category|offers|organizer|location|eventSchedule|url|genderRestriction|attendeeInstructions,activity|description|ageRange|level
Active_Hartlepool,https://activehartlepool.gs-signature.cloud/OpenActive/api/scheduled-sessions/50055604,https://activehartlepool.gs-signature.cloud/OpenActive/api/session-series/3H1400BSSPY0526,beta:sportsActivityLocation|duration|endDate|identifier|maximumAttendeeCapacity|remainingAttendeeCapacity|startDate|superEvent,attendeeInstructions|category|duration|eventSchedule|identifier|location|name|offers|superEvent|url,name|category|offers|location|eventSchedule|url|attendeeInstructions,activity|organizer|description|ageRange|genderRestriction|level
Active_Hartlepool,https://activehartlepool.gs-signature.cloud/OpenActive/api/scheduled-sessions/50055685,https://activehartlepool.gs-signature.cloud/OpenActive/api/session-series/3H1430BSSPY0626,beta:sportsActivityLocation|duration|endDate|identifier|maximumAttendeeCapacity|remainingAttendeeCapacity|startDate|superEvent,attendeeInstructions|category|duration|eventSchedule|identifier|location|name|offers|superEvent|url,name|category|offers|location|eventSchedule|url|attendeeInstructions,activity|organizer|description|ageRange|genderRestriction|level
Active_Hartlepool,https://activehartlepool.gs-signature.cloud/OpenActive/api/scheduled-sessions/30035474,https://activehartlepool.gs-signature.cloud/OpenActive/api/session-series/315CLHYD0225,beta:sportsActivityLocation|duration|endDate|identifier|maximumAttendeeCapacity|remainingAttendeeCapacity|startDate|superEvent,attendeeInstructions|category|duration|eventSchedule|identifier|location|name|offers|superEvent|url,name|category|offers|location|eventSchedule|url|attendeeInstructions,activity|organizer|description|ageRange|genderRestriction|level
Active_Hartlepool,https://activehartlepool.gs-signature.cloud/OpenActive/api/scheduled-sessions/50074197,https://activehartlepool.gs-signature.cloud/OpenActive/api/session-series/3H1430BSLSM0726,beta:sportsActivityLocation|duration|endDate|identifier|maximumAttendeeCapacity|remainingAttendeeCapacity|startDate|superEvent,attendeeInstructions|category|duration|eventSchedule|genderRestriction|identifier|location|name|offers|organizer|url,name|category|offers|organizer|location|eventSchedule|url|genderRestriction|attendeeInstructions,activity|description|ageRange|level
Active_Hartlepool,https://activehartlepool.gs-signature.cloud/OpenActive/api/scheduled-sessions/50055613,https://activehartlepool.gs-signature.cloud/OpenActive/api/session-series/3H1500BSSPY0526,beta:sportsActivityLocation|duration|endDate|identifier|maximumAttendeeCapacity|remainingAttendeeCapacity|startDate|superEvent,attendeeInstructions|category|duration|eventSchedule|identifier|location|name|offers|superEvent|url,name|category|offers|location|eventSchedule|url|attendeeInstructions,activity|organizer|description|ageRange|genderRestriction|level
Active_Hartlepool,https://activehartlepool.gs-signature.cloud/OpenActive/api/scheduled-sessions/50055694,https://activehartlepool.gs-signature.cloud/OpenActive/api/session-series/3H1530BSSPY0626,beta:sportsActivityLocation|duration|endDate|identifier|maximumAttendeeCapacity|remainingAttendeeCapacity|startDate|superEvent,attendeeInstructions|category|duration|eventSchedule|identifier|location|name|offers|superEvent|url,name|category|offers|location|eventSchedule|url|attendeeInstructions,activity|organizer|description|ageRange|genderRestriction|level
Active_Hartlepool,https://activehartlepool.gs-signature.cloud/OpenActive/api/scheduled-sessions/50073651,https://activehartlepool.gs-signature.cloud/OpenActive/api/session-series/3H1600BSLSM0726,beta:sportsActivityLocation|duration|endDate|identifier|maximumAttendeeCapacity|remainingAttendeeCapacity|startDate|superEvent,attendeeInstructions|category|duration|eventSchedule|genderRestriction|identifier|location|name|offers|organizer|url,name|category|offers|organizer|location|eventSchedule|url|genderRestriction|attendeeInstructions,activity|description|ageRange|level
Active_Hartlepool,https://activehartlepool.gs-signature.cloud/OpenActive/api/scheduled-sessions/50055703,https://activehartlepool.gs-signature.cloud/OpenActive/api/session-series/3H1630BSSPY0626,beta:sportsActivityLocation|duration|endDate|identifier|maximumAttendeeCapacity|remainingAttendeeCapacity|startDate|superEvent,attendeeInstructions|category|duration|eventSchedule|identifier|location|name|offers|superEvent|url,name|category|offers|location|eventSchedule|url|attendeeInstructions,activity|organizer|description|ageRange|genderRestriction|level
Active_Hartlepool,https://activehartlepool.gs-signature.cloud/OpenActive/api/scheduled-sessions/50055631,https://activehartlepool.gs-signature.cloud/OpenActive/api/session-series/3H1700BSSPY0526,beta:sportsActivityLocation|duration|endDate|identifier|maximumAttendeeCapacity|remainingAttendeeCapacity|startDate|superEvent,attendeeInstructions|category|duration|eventSchedule|identifier|location|name|offers|superEvent|url,name|category|offers|location|eventSchedule|url|attendeeInstructions,activity|organizer|description|ageRange|genderRestriction|level
Active_Hartlepool,https://activehartlepool.gs-signature.cloud/OpenActive/api/scheduled-sessions/50049072,https://activehartlepool.gs-signature.cloud/OpenActive/api/session-series/3H1715CLTRI0626,beta:sportsActivityLocation|duration|endDate|identifier|maximumAttendeeCapacity|remainingAttendeeCapacity|startDate|superEvent,attendeeInstructions|category|duration|eventSchedule|genderRestriction|identifier|location|name|offers|organizer|url,name|category|offers|organizer|location|eventSchedule|url|genderRestriction|attendeeInstructions,activity|description|ageRange|level
Active_Hartlepool,https://activehartlepool.gs-signature.cloud/OpenActive/api/scheduled-sessions/50073027,https://activehartlepool.gs-signature.cloud/OpenActive/api/session-series/3H1730BSSWS0726,beta:sportsActivityLocation|duration|endDate|identifier|maximumAttendeeCapacity|remainingAttendeeCapacity|startDate|superEvent,attendeeInstructions|category|duration|eventSchedule|genderRestriction|identifier|location|name|offers|organizer|url,name|category|offers|organizer|location|eventSchedule|url|genderRestriction|attendeeInstructions,activity|description|ageRange|level
Active_Hartlepool,https://activehartlepool.gs-signature.cloud/OpenActive/api/scheduled-sessions/50055712,https://activehartlepool.gs-signature.cloud/OpenActive/api/session-series/3H1700BSSPY0626,beta:sportsActivityLocation|duration|endDate|identifier|maximumAttendeeCapacity|remainingAttendeeCapacity|startDate|superEvent,attendeeInstructions|category|duration|eventSchedule|identifier|location|name|offers|superEvent|url,name|category|offers|location|eventSchedule|url|attendeeInstructions,activity|organizer|description|ageRange|genderRestriction|level
Active_Hartlepool,https://activehartlepool.gs-signature.cloud/OpenActive/api/scheduled-sessions/50055640,https://activehartlepool.gs-signature.cloud/OpenActive/api/session-series/3H1800BSSPY0526,beta:sportsActivityLocation|duration|endDate|identifier|maximumAttendeeCapacity|remainingAttendeeCapacity|startDate|superEvent,attendeeInstructions|category|duration|eventSchedule|identifier|location|name|offers|superEvent|url,name|category|offers|location|eventSchedule|url|attendeeInstructions,activity|organizer|description|ageRange|genderRestriction|level
Active_Hartlepool,https://activehartlepool.gs-signature.cloud/OpenActive/api/scheduled-sessions/50055721,https://activehartlepool.gs-signature.cloud/OpenActive/api/session-series/3H1830BSSPY0626,beta:sportsActivityLocation|duration|endDate|identifier|maximumAttendeeCapacity|remainingAttendeeCapacity|startDate|superEvent,attendeeInstructions|category|duration|eventSchedule|identifier|location|name|offers|superEvent|url,name|category|offers|location|eventSchedule|url|attendeeInstructions,activity|organizer|description|ageRange|genderRestriction|level
Active_Hartlepool,https://activehartlepool.gs-signature.cloud/OpenActive/api/scheduled-sessions/50050448,https://activehartlepool.gs-signature.cloud/OpenActive/api/session-series/3H2000CLGBS0626,beta:sportsActivityLocation|duration|endDate|identifier|maximumAttendeeCapacity|remainingAttendeeCapacity|startDate|superEvent,category|duration|eventSchedule|genderRestriction|identifier|location|name|offers|organizer|url,name|category|offers|organizer|location|eventSchedule|url|genderRestriction,activity|description|ageRange|level|attendeeInstructions
Active_Hartlepool,https://activehartlepool.gs-signature.cloud/OpenActive/api/scheduled-sessions/50050216,https://activehartlepool.gs-signature.cloud/OpenActive/api/session-series/3H2015CLVIR0626,beta:sportsActivityLocation|duration|endDate|identifier|maximumAttendeeCapacity|remainingAttendeeCapacity|startDate|superEvent,attendeeInstructions|category|duration|eventSchedule|genderRestriction|identifier|location|name|offers|organizer|url,name|category|offers|organizer|location|eventSchedule|url|genderRestriction|attendeeInstructions,activity|description|ageRange|level
Active_Hartlepool,https://activehartlepool.gs-signature.cloud/OpenActive/api/scheduled-sessions/30042947,https://activehartlepool.gs-signature.cloud/OpenActive/api/session-series/01MCLHYD0625,beta:sportsActivityLocation|duration|endDate|identifier|maximumAttendeeCapacity|remainingAttendeeCapacity|startDate|superEvent,attendeeInstructions|category|duration|eventSchedule|identifier|location|name|offers|superEvent|url,name|category|offers|location|eventSchedule|url|attendeeInstructions,activity|organizer|description|ageRange|genderRestriction|level
Active_Hartlepool,https://activehartlepool.gs-signature.cloud/OpenActive/api/scheduled-sessions/50036877,https://activehartlepool.gs-signature.cloud/OpenActive/api/session-series/4H0645CLVCR0626,beta:sportsActivityLocation|duration|endDate|identifier|maximumAttendeeCapacity|remainingAttendeeCapacity|startDate|superEvent,attendeeInstructions|category|duration|eventSchedule|genderRestriction|identifier|location|name|offers|organizer|url,name|category|offers|organizer|location|eventSchedule|url|genderRestriction|attendeeInstructions,activity|description|ageRange|level
Active_Hartlepool,https://activehartlepool.gs-signature.cloud/OpenActive/api/scheduled-sessions/30035706,https://activehartlepool.gs-signature.cloud/OpenActive/api/session-series/408CLHYD0225,beta:sportsActivityLocation|duration|endDate|identifier|maximumAttendeeCapacity|remainingAttendeeCapacity|startDate|superEvent,attendeeInstructions|category|duration|eventSchedule|identifier|location|name|offers|superEvent|url,name|category|offers|location|eventSchedule|url|attendeeInstructions,activity|organizer|description|ageRange|genderRestriction|level
Active_Hartlepool,https://activehartlepool.gs-signature.cloud/OpenActive/api/scheduled-sessions/50057984,https://activehartlepool.gs-signature.cloud/OpenActive/api/session-series/4H0800CLVCR0726,beta:sportsActivityLocation|duration|endDate|identifier|maximumAttendeeCapacity|remainingAttendeeCapacity|startDate|superEvent,attendeeInstructions|category|duration|eventSchedule|genderRestriction|identifier|location|name|offers|organizer|url,name|category|offers|organizer|location|eventSchedule|url|genderRestriction|attendeeInstructions,activity|description|ageRange|level
Active_Hartlepool,https://activehartlepool.gs-signature.cloud/OpenActive/api/scheduled-sessions/50079201,https://activehartlepool.gs-signature.cloud/OpenActive/api/session-series/4H0800BSSWS0726,beta:sportsActivityLocation|duration|endDate|identifier|maximumAttendeeCapacity|remainingAttendeeCapacity|startDate|superEvent,attendeeInstructions|category|duration|eventSchedule|genderRestriction|identifier|location|name|offers|organizer|url,name|category|offers|organizer|location|eventSchedule|url|genderRestriction|attendeeInstructions,activity|description|ageRange|level
Active_Hartlepool,https://activehartlepool.gs-signature.cloud/OpenActive/api/scheduled-sessions/50054351,https://activehartlepool.gs-signature.cloud/OpenActive/api/session-series/4H0900BSSPY0426,beta:sportsActivityLocation|duration|endDate|identifier|maximumAttendeeCapacity|remainingAttendeeCapacity|startDate|superEvent,attendeeInstructions|category|duration|eventSchedule|identifier|location|name|offers|superEvent|url,name|category|offers|location|eventSchedule|url|attendeeInstructions,activity|organizer|description|ageRange|genderRestriction|level
Active_Hartlepool,https://activehartlepool.gs-signature.cloud/OpenActive/api/scheduled-sessions/50054451,https://activehartlepool.gs-signature.cloud/OpenActive/api/session-series/4H0930BSSPY0426,beta:sportsActivityLocation|duration|endDate|identifier|maximumAttendeeCapacity|remainingAttendeeCapacity|startDate|superEvent,attendeeInstructions|category|duration|eventSchedule|identifier|location|name|offers|superEvent|url,name|category|offers|location|eventSchedule|url|attendeeInstructions,activity|organizer|description|ageRange|genderRestriction|level
Active_Hartlepool,https://activehartlepool.gs-signature.cloud/OpenActive/api/scheduled-sessions/30034475,https://activehartlepool.gs-signature.cloud/OpenActive/api/session-series/4M0900CLPPS0623,beta:sportsActivityLocation|duration|endDate|identifier|maximumAttendeeCapacity|remainingAttendeeCapacity|startDate|superEvent,attendeeInstructions|category|duration|eventSchedule|identifier|location|name|offers|superEvent|url,name|category|offers|location|eventSchedule|url|attendeeInstructions,activity|organizer|description|ageRange|genderRestriction|level
Active_Hartlepool,https://activehartlepool.gs-signature.cloud/OpenActive/api/scheduled-sessions/50054361,https://activehartlepool.gs-signature.cloud/OpenActive/api/session-series/4H1000BSSPY0426,beta:sportsActivityLocation|duration|endDate|identifier|maximumAttendeeCapacity|remainingAttendeeCapacity|startDate|superEvent,attendeeInstructions|category|duration|eventSchedule|identifier|location|name|offers|superEvent|url,name|category|offers|location|eventSchedule|url|attendeeInstructions,activity|organizer|description|ageRange|genderRestriction|level
Active_Hartlepool,https://activehartlepool.gs-signature.cloud/OpenActive/api/scheduled-sessions/50054461,https://activehartlepool.gs-signature.cloud/OpenActive/api/session-series/4H1030BSSPY0426,beta:sportsActivityLocation|duration|endDate|identifier|maximumAttendeeCapacity|remainingAttendeeCapacity|startDate|superEvent,attendeeInstructions|category|duration|eventSchedule|identifier|location|name|offers|superEvent|url,name|category|offers|location|eventSchedule|url|attendeeInstructions,activity|organizer|description|ageRange|genderRestriction|level
Active_Hartlepool,https://activehartlepool.gs-signature.cloud/OpenActive/api/scheduled-sessions/50034534,https://activehartlepool.gs-signature.cloud/OpenActive/api/session-series/4H1100CLVIR0626,beta:sportsActivityLocation|duration|endDate|identifier|maximumAttendeeCapacity|remainingAttendeeCapacity|startDate|superEvent,attendeeInstructions|category|duration|eventSchedule|genderRestriction|identifier|location|name|offers|organizer|url,name|category|offers|organizer|location|eventSchedule|url|genderRestriction|attendeeInstructions,activity|description|ageRange|level
Active_Hartlepool,https://activehartlepool.gs-signature.cloud/OpenActive/api/scheduled-sessions/50054371,https://activehartlepool.gs-signature.cloud/OpenActive/api/session-series/4H1100BSSPY0426,beta:sportsActivityLocation|duration|endDate|identifier|maximumAttendeeCapacity|remainingAttendeeCapacity|startDate|superEvent,attendeeInstructions|category|duration|eventSchedule|identifier|location|name|offers|superEvent|url,name|category|offers|location|eventSchedule|url|attendeeInstructions,activity|organizer|description|ageRange|genderRestriction|level
Active_Hartlepool,https://activehartlepool.gs-signature.cloud/OpenActive/api/scheduled-sessions/50076077,https://activehartlepool.gs-signature.cloud/OpenActive/api/session-series/4H1130BSLSM0726,beta:sportsActivityLocation|duration|endDate|identifier|maximumAttendeeCapacity|remainingAttendeeCapacity|startDate|superEvent,attendeeInstructions|category|duration|eventSchedule|genderRestriction|identifier|location|name|offers|organizer|url,name|category|offers|organizer|location|eventSchedule|url|genderRestriction|attendeeInstructions,activity|description|ageRange|level
Active_Hartlepool,https://activehartlepool.gs-signature.cloud/OpenActive/api/scheduled-sessions/50049226,https://activehartlepool.gs-signature.cloud/OpenActive/api/session-series/4H1215CLVCR0626,beta:sportsActivityLocation|duration|endDate|identifier|maximumAttendeeCapacity|remainingAttendeeCapacity|startDate|superEvent,attendeeInstructions|category|duration|eventSchedule|genderRestriction|identifier|location|name|offers|organizer|url,name|category|offers|organizer|location|eventSchedule|url|genderRestriction|attendeeInstructions,activity|description|ageRange|level
Active_Hartlepool,https://activehartlepool.gs-signature.cloud/OpenActive/api/scheduled-sessions/50054471,https://activehartlepool.gs-signature.cloud/OpenActive/api/session-series/4H1130BSSPY0426,beta:sportsActivityLocation|duration|endDate|identifier|maximumAttendeeCapacity|remainingAttendeeCapacity|startDate|superEvent,attendeeInstructions|category|duration|eventSchedule|identifier|location|name|offers|superEvent|url,name|category|offers|location|eventSchedule|url|attendeeInstructions,activity|organizer|description|ageRange|genderRestriction|level
